Workbook

Sheet X投稿ログ
A1: 収集日時 | B1: 投稿日時 | C1: 投稿者アカウント | D1: 表示名 | E1: 投稿内容 | F1: 投稿URL | G1: マッチKW | H1: そのKWの総投稿数 | I1: いいね数 | J1: RT数 | K1: 返信数 | L1: ポジネガ判定 | M1: 判定理由

Sheet サマリー
A1: KW別投稿サマリー
A3: KW名 | B3: 総投稿数 | C3: ポジティブ数 | D3: ネガティブ数 | E3: ニュートラル数 | F3: ポジ率(%)
A4: Hashport | B4: =COUNTIF('X投稿ログ'!G:G,A4) | C4: =COUNTIFS('X投稿ログ'!G:G,A4,'X投稿ログ'!L:L,"ポジティブ") | D4: =COUNTIFS('X投稿ログ'!G:G,A4,'X投稿ログ'!L:L,"ネガティブ") | E4: =COUNTIFS('X投稿ログ'!G:G,A4,'X投稿ログ'!L:L,"ニュートラル") | F4: =IF(B4=0,0,ROUND(C4/B4*100,1))
A5: HashPortWallet | B5: =COUNTIF('X投稿ログ'!G:G,A5) | C5: =COUNTIFS('X投稿ログ'!G:G,A5,'X投稿ログ'!L:L,"ポジティブ") | D5: =COUNTIFS('X投稿ログ'!G:G,A5,'X投稿ログ'!L:L,"ネガティブ") | E5: =COUNTIFS('X投稿ログ'!G:G,A5,'X投稿ログ'!L:L,"ニュートラル") | F5: =IF(B5=0,0,ROUND(C5/B5*100,1))
A6: HashPort Wallet | B6: =COUNTIF('X投稿ログ'!G:G,A6) | C6: =COUNTIFS('X投稿ログ'!G:G,A6,'X投稿ログ'!L:L,"ポジティブ") | D6: =COUNTIFS('X投稿ログ'!G:G,A6,'X投稿ログ'!L:L,"ネガティブ") | E6: =COUNTIFS('X投稿ログ'!G:G,A6,'X投稿ログ'!L:L,"ニュートラル") | F6: =IF(B6=0,0,ROUND(C6/B6*100,1))
A7: ハッシュポート | B7: =COUNTIF('X投稿ログ'!G:G,A7) | C7: =COUNTIFS('X投稿ログ'!G:G,A7,'X投稿ログ'!L:L,"ポジティブ") | D7: =COUNTIFS('X投稿ログ'!G:G,A7,'X投稿ログ'!L:L,"ネガティブ") | E7: =COUNTIFS('X投稿ログ'!G:G,A7,'X投稿ログ'!L:L,"ニュートラル") | F7: =IF(B7=0,0,ROUND(C7/B7*100,1))
A8: ハッシュポートウォレット | B8: =COUNTIF('X投稿ログ'!G:G,A8) | C8: =COUNTIFS('X投稿ログ'!G:G,A8,'X投稿ログ'!L:L,"ポジティブ") | D8: =COUNTIFS('X投稿ログ'!G:G,A8,'X投稿ログ'!L:L,"ネガティブ") | E8: =COUNTIFS('X投稿ログ'!G:G,A8,'X投稿ログ'!L:L,"ニュートラル") | F8: =IF(B8=0,0,ROUND(C8/B8*100,1))
A9: 合計 | B9: =SUM(B4:B8) | C9: =SUM(C4:C8) | D9: =SUM(D4:D8) | E9: =SUM(E4:E8) | F9: =IF(B9=0,0,ROUND(C9/B9*100,1))
